sample	TotalLength_cm	TotalProjArea_cm2	TotSurfArea_cm2	Exp	Treatment	Syncom
NoBurk50	0.2738	0.7281	0.6265	Exp5	50uM	-Burk
NoBurk50	0.2936	0.7281	0.5588	Exp5	50uM	-Burk
NoBurk50	0.3459	0.762	0.5419	Exp5	50uM	-Burk
NoBurk50	0.7001	0.9313	1.1176	Exp5	50uM	-Burk
NoBurk50	0.5871	0.8467	0.9991	Exp5	50uM	-Burk
NoBurk50	0.8464	1.6425	0.7112	Exp5	50uM	-Burk
NoBurk50	0.6994	1.1853	0.8297	Exp5	50uM	-Burk
NoBurk50	0.8161	0.8805	1.2869	Exp5	50uM	-Burk
NoBurk50	0.7071	1.0499	0.9821	Exp5	50uM	-Burk
NoBurk50	0.7503	0.9144	1.2023	Exp5	50uM	-Burk
NoBurk50	0.2697	0.8128	0.6773	Exp5	50uM	-Burk
NoBurk50	0.7971	1.1007	0.8805	Exp5	50uM	-Burk
NoBurk50	0.4806	0.8297	0.8297	Exp5	50uM	-Burk
NoBurk50	1.1395	1.2192	1.1515	Exp5	50uM	-Burk
NoBurk50	0.5697	0.8636	0.9483	Exp5	50uM	-Burk
NoBurk50	0.7098	1.0837	0.9652	Exp5	50uM	-Burk
NoBurk50	0.4454	0.7281	0.7789	Exp5	50uM	-Burk
NoBurk50	0.5558	1.016	0.9313	Exp5	50uM	-Burk
NoBurk50	0.824	1.0837	1.3208	Exp5	50uM	-Burk
NoBurk50	0.8156	1.1684	0.9483	Exp5	50uM	-Burk
NoBurk50	0.7151	1.0329	1.1007	Exp5	50uM	-Burk
NoBurk50	0.7771	1.0668	0.9652	Exp5	50uM	-Burk
NoBurk50	0.6672	1.2023	0.8805	Exp5	50uM	-Burk
NoBurk50	0.3998	0.9144	0.5249	Exp5	50uM	-Burk
NoBurk50	0.6753	0.9483	0.9652	Exp5	50uM	-Burk
NoBurk50	0.6914	0.9991	0.9991	Exp5	50uM	-Burk
NoBurk50	0.8084	1.5409	0.9483	Exp5	50uM	-Burk
NoBurk50	0.3475	0.6943	0.6265	Exp5	50uM	-Burk
NoBurk50	0.6634	0.8636	1.1176	Exp5	50uM	-Burk
NoBurk50	0.9192	1.3377	0.9144	Exp5	50uM	-Burk
NoBurk50	1.1922	1.0499	1.4055	Exp5	50uM	-Burk
NoBurk50	0.4746	0.8297	0.7959	Exp5	50uM	-Burk
NoBurk50	0.6981	0.9144	0.9483	Exp5	50uM	-Burk
NoBurk50	0.3103	0.8467	0.6096	Exp5	50uM	-Burk
NoBurk50	0.5021	0.9652	0.6604	Exp5	50uM	-Burk
NoBurk50	0.6758	0.9313	1.016	Exp5	50uM	-Burk
NoBurk50	0.3847	0.9821	0.5757	Exp5	50uM	-Burk
NoBurk50	0.8279	1.2023	0.9483	Exp5	50uM	-Burk
NoBurk50	0.4962	0.8128	0.7959	Exp5	50uM	-Burk
NoBurk50	0.9919	1.3716	0.9483	Exp5	50uM	-Burk
NoBurk50	0.7432	1.0499	0.9313	Exp5	50uM	-Burk
NoBurk50	0.432	0.9313	0.6096	Exp5	50uM	-Burk
NoBurk50	1.0591	1.3547	0.9652	Exp5	50uM	-Burk
NoBurk50	0.5676	0.9991	0.7281	Exp5	50uM	-Burk
NoRalst50	0.3338	0.8975	0.5588	Exp5	50uM	-Ralst
NoRalst50	0.3713	0.8297	0.5927	Exp5	50uM	-Ralst
NoRalst50	0.6409	0.9821	0.7789	Exp5	50uM	-Ralst
NoRalst50	0.7844	1.1515	1.016	Exp5	50uM	-Ralst
NoRalst50	0.5637	0.7112	0.9652	Exp5	50uM	-Ralst
NoRalst50	0.5108	0.8975	0.762	Exp5	50uM	-Ralst
NoRalst50	0.6497	0.8805	0.9483	Exp5	50uM	-Ralst
NoRalst50	0.7704	0.8805	1.1684	Exp5	50uM	-Ralst
NoRalst50	0.5766	0.9313	0.8297	Exp5	50uM	-Ralst
NoRalst50	0.4902	0.8805	0.7281	Exp5	50uM	-Ralst
NoRalst50	0.6686	1.1515	0.7281	Exp5	50uM	-Ralst
NoRalst50	0.4096	0.8975	0.6943	Exp5	50uM	-Ralst
NoRalst50	0.5844	1.2023	0.6943	Exp5	50uM	-Ralst
NoRalst50	0.7816	1.2023	0.8805	Exp5	50uM	-Ralst
NoRalst50	0.4982	0.7789	0.7281	Exp5	50uM	-Ralst
NoRalst50	0.4067	0.9652	0.6604	Exp5	50uM	-Ralst
NoRalst50	0.5216	1.1007	0.6773	Exp5	50uM	-Ralst
NoRalst50	0.6082	0.8805	0.9144	Exp5	50uM	-Ralst
NoRalst50	0.7624	1.0329	0.9313	Exp5	50uM	-Ralst
NoRalst50	0.7082	0.8636	1.0668	Exp5	50uM	-Ralst
NoRalst50	0.5054	0.7451	0.8297	Exp5	50uM	-Ralst
NoRalst50	0.7669	1.1345	0.9821	Exp5	50uM	-Ralst
NoRalst50	0.549	1.0837	0.8805	Exp5	50uM	-Ralst
NoRalst50	0.3348	0.5419	0.7789	Exp5	50uM	-Ralst
NoRalst50	0.3115	0.6604	0.6773	Exp5	50uM	-Ralst
NoRalst50	0.9405	1.0668	1.1345	Exp5	50uM	-Ralst
NoRalst50	0.919	1.2361	0.9652	Exp5	50uM	-Ralst
NoRalst50	0.8114	0.8467	1.3716	Exp5	50uM	-Ralst
NoRalst50	1.0272	1.3377	0.9991	Exp5	50uM	-Ralst
NoRalst50	0.5983	0.9313	0.7789	Exp5	50uM	-Ralst
NoRalst50	0.8821	1.1345	0.9483	Exp5	50uM	-Ralst
NoRalst50	0.9725	1.0837	1.1345	Exp5	50uM	-Ralst
NoRalst50	0.58	0.8467	0.8975	Exp5	50uM	-Ralst
NoRalst50	0.6727	1.016	0.8297	Exp5	50uM	-Ralst
NoRalst50	1.0594	1.3885	1.016	Exp5	50uM	-Ralst
NoRalst50	1.0052	1.4224	1.0499	Exp5	50uM	-Ralst
NoRalst50	0.6641	0.9313	0.8636	Exp5	50uM	-Ralst
NoRalst50	0.9641	0.8805	1.4901	Exp5	50uM	-Ralst
NoRalst50	0.5193	0.8636	0.8297	Exp5	50uM	-Ralst
NoRalst50	0.7261	0.9144	1.1176	Exp5	50uM	-Ralst
NoRalst50	0.7959	0.9144	1.2023	Exp5	50uM	-Ralst
NoRalst50	0.9029	1.1515	1.0499	Exp5	50uM	-Ralst
NoRalst50	1.0047	1.1853	1.2023	Exp5	50uM	-Ralst
NoRalst50	0.8657	1.0668	1.016	Exp5	50uM	-Ralst
NoRalst50	0.6397	0.7959	1.1515	Exp5	50uM	-Ralst
NoRalst50	1.0621	1.1007	1.1515	Exp5	50uM	-Ralst
NoRalst50	1.012	1.0837	1.3039	Exp5	50uM	-Ralst
NoRalst50	0.7867	0.9144	1.0668	Exp5	50uM	-Ralst
NoRalst50	1.0009	1.0329	1.2869	Exp5	50uM	-Ralst
NoRalst50	0.918	0.9991	1.2192	Exp5	50uM	-Ralst
NoRalst50	1.074	0.9652	1.4901	Exp5	50uM	-Ralst
NoRalst50	0.796	1.016	1.0837	Exp5	50uM	-Ralst
full50	0.8518	1.2869	0.9313	Exp5	50uM	Full
full50	0.8584	1.2869	0.8636	Exp5	50uM	Full
full50	0.8804	0.9991	1.1345	Exp5	50uM	Full
full50	0.751	1.3547	0.7112	Exp5	50uM	Full
full50	0.8237	0.9652	1.1684	Exp5	50uM	Full
full50	1.0564	1.3377	1.1853	Exp5	50uM	Full
full50	0.7831	1.2192	0.9313	Exp5	50uM	Full
full50	1.2706	1.27	1.4224	Exp5	50uM	Full
full50	0.4192	0.8128	0.7281	Exp5	50uM	Full
full50	1.2072	1.3208	1.27	Exp5	50uM	Full
full50	1.0001	1.3547	1.1345	Exp5	50uM	Full
full50	1.1537	1.27	1.3885	Exp5	50uM	Full
full50	0.7464	1.0668	0.8805	Exp5	50uM	Full
full50	0.9861	1.016	1.3716	Exp5	50uM	Full
full50	0.6167	1.1515	0.7959	Exp5	50uM	Full
full50	0.585	0.9652	0.8636	Exp5	50uM	Full
full50	0.8169	1.4563	0.762	Exp5	50uM	Full
full50	1.0253	1.4224	1.2023	Exp5	50uM	Full
full50	0.3655	0.6943	0.6604	Exp5	50uM	Full
full50	0.5634	1.0499	0.7451	Exp5	50uM	Full
full50	0.8654	1.27	0.8636	Exp5	50uM	Full
full50	0.6796	0.9652	0.9652	Exp5	50uM	Full
full50	0.5141	0.8297	0.7959	Exp5	50uM	Full
full50	1.0095	1.2192	1.2192	Exp5	50uM	Full
full50	0.8135	1.1853	1.016	Exp5	50uM	Full
full50	0.793	1.1176	1.0499	Exp5	50uM	Full
full50	0.5849	0.8805	0.8636	Exp5	50uM	Full
full50	0.4892	0.8297	0.8297	Exp5	50uM	Full
full50	0.9617	1.0499	1.27	Exp5	50uM	Full
full50	0.3554	0.7112	0.7112	Exp5	50uM	Full
full50	0.9073	1.4224	0.8297	Exp5	50uM	Full
full50	0.4101	0.8128	0.6943	Exp5	50uM	Full
full50	0.3485	0.7281	0.6265	Exp5	50uM	Full
full50	0.8821	1.2023	1.0329	Exp5	50uM	Full
full50	0.8371	0.9991	1.0837	Exp5	50uM	Full
full50	0.6688	0.9652	0.8805	Exp5	50uM	Full
full50	0.8206	1.1853	0.9652	Exp5	50uM	Full
full50	0.7315	0.9144	0.9991	Exp5	50uM	Full
full50	0.5903	0.9483	0.8636	Exp5	50uM	Full
full50	0.3965	0.9144	0.6943	Exp5	50uM	Full
full50	0.5537	0.7959	0.8297	Exp5	50uM	Full
full50	0.4505	0.8975	0.6943	Exp5	50uM	Full
NB50	0.4414	1.0499	0.5757	Exp5	50uM	NB
NB50	0.7495	0.7789	1.2531	Exp5	50uM	NB
NB50	0.9104	1.0837	1.2869	Exp5	50uM	NB
NB50	1.109	1.1515	1.1345	Exp5	50uM	NB
NB50	1.0383	1.3377	0.9991	Exp5	50uM	NB
NB50	0.771	1.2192	0.9821	Exp5	50uM	NB
NB50	0.6848	1.0329	0.8975	Exp5	50uM	NB
NB50	0.4935	0.7112	0.8297	Exp5	50uM	NB
NB50	0.2697	0.5419	0.6265	Exp5	50uM	NB
NB50	0.5146	0.9144	0.7959	Exp5	50uM	NB
NB50	0.548	1.016	0.6604	Exp5	50uM	NB
NB50	0.5747	1.0329	0.8297	Exp5	50uM	NB
NB50	0.3676	0.8297	0.6604	Exp5	50uM	NB
NB50	0.3143	0.7112	0.6096	Exp5	50uM	NB
NB50	0.3028	0.8128	0.5419	Exp5	50uM	NB
NB50	0.6833	1.1007	0.7451	Exp5	50uM	NB
NB50	0.7487	0.8805	0.9991	Exp5	50uM	NB
NB50	0.2928	0.5419	0.7789	Exp5	50uM	NB
NB50	0.8107	1.3208	0.7959	Exp5	50uM	NB
NB50	1.0863	1.1176	1.2869	Exp5	50uM	NB
NB50	1.3049	1.3716	1.2869	Exp5	50uM	NB
NB50	1.2743	1.1345	1.4224	Exp5	50uM	NB
NB50	0.6055	0.8297	0.9821	Exp5	50uM	NB
NB50	1.0373	1.1684	1.27	Exp5	50uM	NB
NB50	2.3224	2.2691	1.8288	Exp5	50uM	NB
NB50	1.147	1.5409	1.3885	Exp5	50uM	NB
NB50	1.0515	1.2361	1.3716	Exp5	50uM	NB
NB50	1.2837	1.4224	1.2361	Exp5	50uM	NB
NB50	0.863	0.9991	1.0329	Exp5	50uM	NB
NB50	1.2218	1.4901	1.1007	Exp5	50uM	NB
NB50	1.5004	1.5071	1.6595	Exp5	50uM	NB
NB50	0.6171	0.7451	1.0837	Exp5	50uM	NB
NB50	0.9329	1.1007	1.1853	Exp5	50uM	NB
NB50	1.4421	1.2869	1.3885	Exp5	50uM	NB
NB50	1.6504	1.2869	1.6256	Exp5	50uM	NB
NB50	0.8781	1.0837	1.1176	Exp5	50uM	NB
NB50	1.5062	1.4901	1.4563	Exp5	50uM	NB
NB50	1.9882	1.9135	1.778	Exp5	50uM	NB
NB50	1.2976	1.3377	1.9304	Exp5	50uM	NB
NB50	2.7356	2.1505	2.0489	Exp5	50uM	NB
NB50	0.5774	0.8975	0.8297	Exp5	50uM	NB
NB50	0.7485	0.9652	0.9652	Exp5	50uM	NB
NB50	0.8556	1.1515	1.0837	Exp5	50uM	NB
NB50	0.3829	0.8128	0.6096	Exp5	50uM	NB
NB50	0.5696	1.0837	0.8636	Exp5	50uM	NB
NB50	1.2037	1.27	1.3885	Exp5	50uM	NB
NB50	1.3173	1.6256	1.2192	Exp5	50uM	NB
NB50	1.3935	1.4393	1.3716	Exp5	50uM	NB
NB50	0.8786	1.0837	1.1515	Exp5	50uM	NB
NB50	1.118	1.1176	1.27	Exp5	50uM	NB
NB50	0.5197	0.762	0.8975	Exp5	50uM	NB
NoBurk1000	1.9884	1.5917	1.6087	Exp5	1000uM	-Burk
NoBurk1000	1.8183	1.5748	1.6087	Exp5	1000uM	-Burk
NoBurk1000	1.0556	1.1684	1.1515	Exp5	1000uM	-Burk
NoBurk1000	1.3816	1.3716	1.5748	Exp5	1000uM	-Burk
NoBurk1000	2.028	1.6764	1.5748	Exp5	1000uM	-Burk
NoBurk1000	1.2588	1.2531	1.27	Exp5	1000uM	-Burk
NoBurk1000	1.2918	1.3547	1.4732	Exp5	1000uM	-Burk
NoBurk1000	0.8877	0.9991	1.27	Exp5	1000uM	-Burk
NoBurk1000	1.3467	1.1345	1.4055	Exp5	1000uM	-Burk
NoBurk1000	1.1032	1.3885	1.1176	Exp5	1000uM	-Burk
NoBurk1000	1.6966	1.4224	1.4901	Exp5	1000uM	-Burk
NoBurk1000	1.2172	1.3716	1.1345	Exp5	1000uM	-Burk
NoBurk1000	0.647	0.7789	1.1345	Exp5	1000uM	-Burk
NoBurk1000	1.3113	1.2869	1.3377	Exp5	1000uM	-Burk
NoBurk1000	1.532	1.3547	1.4224	Exp5	1000uM	-Burk
NoBurk1000	1.4647	1.3039	1.7441	Exp5	1000uM	-Burk
NoBurk1000	1.2232	1.4732	1.0837	Exp5	1000uM	-Burk
NoBurk1000	0.8837	0.9991	1.1684	Exp5	1000uM	-Burk
NoBurk1000	1.8596	1.7103	1.7441	Exp5	1000uM	-Burk
NoBurk1000	1.5649	1.7272	1.2023	Exp5	1000uM	-Burk
NoBurk1000	2.4616	1.8457	1.7949	Exp5	1000uM	-Burk
NoBurk1000	1.9409	1.5071	1.6595	Exp5	1000uM	-Burk
NoBurk1000	1.9569	1.5409	1.7272	Exp5	1000uM	-Burk
NoBurk1000	0.8961	1.0668	1.2192	Exp5	1000uM	-Burk
NoBurk1000	0.9206	1.2023	1.1345	Exp5	1000uM	-Burk
NoBurk1000	1.2847	1.0668	1.6595	Exp5	1000uM	-Burk
NoBurk1000	1.8419	1.7611	1.3885	Exp5	1000uM	-Burk
NoBurk1000	1.5763	1.7272	1.2869	Exp5	1000uM	-Burk
NoBurk1000	1.6429	1.3716	1.6425	Exp5	1000uM	-Burk
NoBurk1000	0.9095	0.8636	1.3716	Exp5	1000uM	-Burk
NoBurk1000	1.5773	1.6087	1.2869	Exp5	1000uM	-Burk
NoBurk1000	1.4752	1.4393	1.4732	Exp5	1000uM	-Burk
NoBurk1000	2.4892	1.7949	1.9812	Exp5	1000uM	-Burk
NoBurk1000	1.8902	1.524	1.6425	Exp5	1000uM	-Burk
NoBurk1000	1.8538	1.6087	1.4055	Exp5	1000uM	-Burk
NoBurk1000	1.1353	1.3547	1.0499	Exp5	1000uM	-Burk
NoBurk1000	0.8987	1.3547	0.8975	Exp5	1000uM	-Burk
NoBurk1000	1.2362	1.2361	1.2361	Exp5	1000uM	-Burk
NoBurk1000	0.8504	1.1007	0.9483	Exp5	1000uM	-Burk
NoBurk1000	1.5788	1.4055	1.4901	Exp5	1000uM	-Burk
NoBurk1000	0.9859	1.5071	0.8467	Exp5	1000uM	-Burk
NoBurk1000	0.6166	0.9991	0.8297	Exp5	1000uM	-Burk
NoBurk1000	1.0763	0.8975	1.4563	Exp5	1000uM	-Burk
NoBurk1000	0.981	1.3039	0.9991	Exp5	1000uM	-Burk
NoBurk1000	1.0164	0.9483	1.4732	Exp5	1000uM	-Burk
NoBurk1000	1.2896	1.3377	1.3377	Exp5	1000uM	-Burk
NoBurk1000	1.0778	1.1684	1.27	Exp5	1000uM	-Burk
NoBurk1000	1.2815	1.4393	1.1176	Exp5	1000uM	-Burk
NoRalst1000	0.9883	1.1345	1.2361	Exp5	1000uM	-Ralst
NoRalst1000	1.4644	1.3547	1.4732	Exp5	1000uM	-Ralst
NoRalst1000	1.6989	1.4901	1.5409	Exp5	1000uM	-Ralst
NoRalst1000	1.6123	1.4055	1.5748	Exp5	1000uM	-Ralst
NoRalst1000	0.8461	0.8805	1.3208	Exp5	1000uM	-Ralst
NoRalst1000	1.2753	1.27	1.2192	Exp5	1000uM	-Ralst
NoRalst1000	0.888	1.1853	1.016	Exp5	1000uM	-Ralst
NoRalst1000	0.699	1.0329	0.9991	Exp5	1000uM	-Ralst
NoRalst1000	0.9299	1.0499	1.2192	Exp5	1000uM	-Ralst
NoRalst1000	0.927	1.0668	1.1176	Exp5	1000uM	-Ralst
NoRalst1000	1.7659	1.5071	1.5917	Exp5	1000uM	-Ralst
NoRalst1000	1.6598	1.7272	1.4901	Exp5	1000uM	-Ralst
NoRalst1000	0.8625	1.4563	0.9144	Exp5	1000uM	-Ralst
NoRalst1000	2.6175	1.9304	1.9135	Exp5	1000uM	-Ralst
NoRalst1000	1.4152	1.3547	1.3716	Exp5	1000uM	-Ralst
NoRalst1000	1.0115	1.1007	1.3885	Exp5	1000uM	-Ralst
NoRalst1000	1.6397	1.5579	1.4732	Exp5	1000uM	-Ralst
NoRalst1000	1.4912	1.2869	1.5748	Exp5	1000uM	-Ralst
NoRalst1000	1.2133	0.9483	1.8119	Exp5	1000uM	-Ralst
NoRalst1000	0.8037	0.9313	1.1515	Exp5	1000uM	-Ralst
NoRalst1000	1.6033	1.4732	1.3885	Exp5	1000uM	-Ralst
NoRalst1000	0.7889	0.9144	1.1515	Exp5	1000uM	-Ralst
NoRalst1000	0.7672	1.2192	0.8128	Exp5	1000uM	-Ralst
NoRalst1000	1.7452	1.5748	1.5071	Exp5	1000uM	-Ralst
NoRalst1000	0.7991	1.2192	0.9313	Exp5	1000uM	-Ralst
NoRalst1000	2.0412	1.5748	1.6425	Exp5	1000uM	-Ralst
NoRalst1000	1.5594	1.3547	1.4393	Exp5	1000uM	-Ralst
NoRalst1000	1.403	1.1345	1.6595	Exp5	1000uM	-Ralst
NoRalst1000	1.1269	1.1345	1.4393	Exp5	1000uM	-Ralst
NoRalst1000	2.2611	1.6764	1.7103	Exp5	1000uM	-Ralst
NoRalst1000	1.2259	1.2531	1.2192	Exp5	1000uM	-Ralst
NoRalst1000	1.9334	1.6087	1.6256	Exp5	1000uM	-Ralst
NoRalst1000	1.3665	1.3039	1.3885	Exp5	1000uM	-Ralst
NoRalst1000	1.5578	1.7441	1.4224	Exp5	1000uM	-Ralst
NoRalst1000	1.7878	1.5748	1.7272	Exp5	1000uM	-Ralst
NoRalst1000	1.3079	1.2192	1.4393	Exp5	1000uM	-Ralst
NoRalst1000	2.0115	1.6595	1.5409	Exp5	1000uM	-Ralst
NoRalst1000	3.1132	2.4723	2.032	Exp5	1000uM	-Ralst
NoRalst1000	2.4511	1.778	1.7441	Exp5	1000uM	-Ralst
NoRalst1000	1.2857	1.4224	1.2531	Exp5	1000uM	-Ralst
NoRalst1000	2.3292	1.9304	2.0151	Exp5	1000uM	-Ralst
NoRalst1000	1.3209	1.4393	1.3208	Exp5	1000uM	-Ralst
full1000	1.2685	1.4055	1.1176	Exp5	1000uM	Full
full1000	1.748	1.5917	1.27	Exp5	1000uM	Full
full1000	1.0887	1.2192	1.2192	Exp5	1000uM	Full
full1000	1.2519	1.3716	1.2531	Exp5	1000uM	Full
full1000	1.29	1.2361	1.6087	Exp5	1000uM	Full
full1000	0.6254	1.0837	0.7789	Exp5	1000uM	Full
full1000	1.2264	1.27	1.2531	Exp5	1000uM	Full
full1000	1.4601	1.4055	1.3716	Exp5	1000uM	Full
full1000	0.8028	1.0837	0.9313	Exp5	1000uM	Full
full1000	1.0478	1.2531	1.0837	Exp5	1000uM	Full
full1000	1.5518	1.3716	1.4563	Exp5	1000uM	Full
full1000	1.77	1.4563	1.7441	Exp5	1000uM	Full
full1000	1.5096	1.5409	1.2869	Exp5	1000uM	Full
full1000	1.3194	1.524	1.1515	Exp5	1000uM	Full
full1000	1.2062	1.3716	1.3208	Exp5	1000uM	Full
full1000	1.5871	1.4224	1.4901	Exp5	1000uM	Full
full1000	1.3813	1.4901	1.5409	Exp5	1000uM	Full
full1000	1.5865	1.2023	1.6595	Exp5	1000uM	Full
full1000	0.8559	1.3039	0.8975	Exp5	1000uM	Full
full1000	1.6267	1.4055	1.6256	Exp5	1000uM	Full
full1000	1.265	1.6595	1.1007	Exp5	1000uM	Full
full1000	0.3986	0.8805	0.6943	Exp5	1000uM	Full
full1000	1.7297	1.5071	1.4393	Exp5	1000uM	Full
full1000	0.5892	0.9144	0.8975	Exp5	1000uM	Full
full1000	0.4561	0.8975	0.762	Exp5	1000uM	Full
full1000	1.0328	1.3039	0.9652	Exp5	1000uM	Full
full1000	1.8439	1.6933	1.5071	Exp5	1000uM	Full
full1000	2.1142	1.7441	1.6256	Exp5	1000uM	Full
full1000	1.2252	1.524	1.1345	Exp5	1000uM	Full
full1000	1.3589	1.3208	1.3377	Exp5	1000uM	Full
full1000	1.8333	1.4393	1.8119	Exp5	1000uM	Full
full1000	1.3535	1.5579	1.2361	Exp5	1000uM	Full
full1000	1.5955	1.5748	1.5071	Exp5	1000uM	Full
full1000	2.251	1.6087	1.8796	Exp5	1000uM	Full
full1000	1.1386	1.3039	1.1007	Exp5	1000uM	Full
full1000	1.0226	1.0837	1.1345	Exp5	1000uM	Full
full1000	1.5754	1.4732	1.5748	Exp5	1000uM	Full
NB1000	0.7587	1.1853	0.8128	Exp5	1000uM	NB
NB1000	0.8232	0.9483	1.1176	Exp5	1000uM	NB
NB1000	1.1427	1.0668	1.4393	Exp5	1000uM	NB
NB1000	1.1529	1.0668	1.3716	Exp5	1000uM	NB
NB1000	1.2556	1.27	1.27	Exp5	1000uM	NB
NB1000	0.9685	1.0668	1.27	Exp5	1000uM	NB
NB1000	1.1983	1.524	1.1176	Exp5	1000uM	NB
NB1000	1.8095	1.4732	1.778	Exp5	1000uM	NB
NB1000	2.0542	1.4224	1.9135	Exp5	1000uM	NB
NB1000	0.5121	0.8128	0.8297	Exp5	1000uM	NB
NB1000	0.4285	0.8975	0.6435	Exp5	1000uM	NB
NB1000	0.6151	0.9821	1.1176	Exp5	1000uM	NB
NB1000	0.9414	1.0837	1.0499	Exp5	1000uM	NB
NB1000	0.9876	1.1853	1.2361	Exp5	1000uM	NB
NB1000	0.8618	1.0837	1.2361	Exp5	1000uM	NB
NB1000	1.1382	1.3208	1.2023	Exp5	1000uM	NB
NB1000	1.2028	1.3547	1.0668	Exp5	1000uM	NB
NB1000	0.8363	0.9483	1.0499	Exp5	1000uM	NB
NB1000	0.9716	0.9991	1.1684	Exp5	1000uM	NB
NB1000	1.5569	1.2869	1.5071	Exp5	1000uM	NB
NB1000	1.4702	1.2023	1.5409	Exp5	1000uM	NB
NB1000	1.3219	1.3547	1.3716	Exp5	1000uM	NB
NB1000	1.6055	1.4901	1.3377	Exp5	1000uM	NB
NB1000	1.9746	1.4732	1.8119	Exp5	1000uM	NB
NB1000	1.2123	1.2869	1.5917	Exp5	1000uM	NB
NB1000	1.7548	1.7272	1.4732	Exp5	1000uM	NB
NB1000	1.0981	1.3377	1.1853	Exp5	1000uM	NB
NB1000	0.9534	1.5409	0.9144	Exp5	1000uM	NB
NB1000	1.4947	1.4055	1.2869	Exp5	1000uM	NB
NB1000	1.5148	1.3716	1.4901	Exp5	1000uM	NB
NB1000	2.3353	1.9473	1.6425	Exp5	1000uM	NB
NB1000	0.7662	1.2023	1.0329	Exp5	1000uM	NB
NB1000	2.3293	1.7103	1.8119	Exp5	1000uM	NB
NB1000	0.969	1.0668	1.2361	Exp5	1000uM	NB
NB1000	1.0062	1.1345	1.1345	Exp5	1000uM	NB
NB1000	0.7647	0.7789	1.3885	Exp5	1000uM	NB
NB1000	1.234	1.3885	1.2361	Exp5	1000uM	NB
NB1000	0.99	1.2192	1.4055	Exp5	1000uM	NB
NB1000	1.2042	1.1853	1.2361	Exp5	1000uM	NB
NB1000	1.5219	1.4055	1.3885	Exp5	1000uM	NB
NB1000	1.4765	1.27	1.5579	Exp5	1000uM	NB
NB1000	1.0733	1.2531	1.0499	Exp5	1000uM	NB
NB1000	0.8514	0.9821	1.2192	Exp5	1000uM	NB
NB1000	1.1632	1.016	1.4732	Exp5	1000uM	NB
NB1000	1.4754	1.3039	1.5579	Exp5	1000uM	NB
NB1000	0.8108	0.9144	1.3039	Exp5	1000uM	NB
NB1000	0.7335	1.2023	0.7959	Exp5	1000uM	NB
NB1000	1.1637	1.4732	1.1176	Exp5	1000uM	NB
NB1000	1.7111	1.3377	1.7441	Exp5	1000uM	NB
NB1000	1.0502	1.3716	0.9821	Exp5	1000uM	NB
NB1000	0.8854	1.1515	0.9313	Exp5	1000uM	NB
NB1000	1.2952	1.6256	1.2531	Exp5	1000uM	NB
NB1000	1.9577	1.3547	1.9304	Exp5	1000uM	NB
NB1000	0.9642	1.1515	1.0329	Exp5	1000uM	NB
NoBurk50-1000	0.3186	0.6943	0.6943	Exp5	50uM-1000uM	-Burk
NoBurk50-1000	0.4006	0.762	0.7281	Exp5	50uM-1000uM	-Burk
NoBurk50-1000	0.5652	1.0668	1.0499	Exp5	50uM-1000uM	-Burk
NoBurk50-1000	0.5913	0.8297	0.9991	Exp5	50uM-1000uM	-Burk
NoBurk50-1000	0.4634	1.0837	0.7451	Exp5	50uM-1000uM	-Burk
NoBurk50-1000	0.7985	0.9991	0.9991	Exp5	50uM-1000uM	-Burk
NoBurk50-1000	0.8829	1.1515	0.9821	Exp5	50uM-1000uM	-Burk
NoBurk50-1000	0.8414	0.9991	1.1176	Exp5	50uM-1000uM	-Burk
NoBurk50-1000	0.8199	1.0329	1.0837	Exp5	50uM-1000uM	-Burk
NoBurk50-1000	1.4343	1.27	1.5748	Exp5	50uM-1000uM	-Burk
NoBurk50-1000	1.2209	1.2023	1.4393	Exp5	50uM-1000uM	-Burk
NoBurk50-1000	1.0589	1.0668	1.3208	Exp5	50uM-1000uM	-Burk
NoBurk50-1000	1.2381	1.4901	1.1853	Exp5	50uM-1000uM	-Burk
NoBurk50-1000	0.6954	1.3208	0.7281	Exp5	50uM-1000uM	-Burk
NoBurk50-1000	0.6647	1.0837	0.8297	Exp5	50uM-1000uM	-Burk
NoBurk50-1000	0.7145	1.1007	0.8636	Exp5	50uM-1000uM	-Burk
NoBurk50-1000	0.4525	0.8636	0.8297	Exp5	50uM-1000uM	-Burk
NoBurk50-1000	0.5169	0.8297	0.7959	Exp5	50uM-1000uM	-Burk
NoBurk50-1000	0.4073	0.6943	0.7959	Exp5	50uM-1000uM	-Burk
NoBurk50-1000	0.5569	0.8975	0.8975	Exp5	50uM-1000uM	-Burk
NoBurk50-1000	0.9958	1.2023	1.2023	Exp5	50uM-1000uM	-Burk
NoBurk50-1000	0.6363	0.8297	1.0329	Exp5	50uM-1000uM	-Burk
NoBurk50-1000	1.0146	1.3039	1.1176	Exp5	50uM-1000uM	-Burk
NoBurk50-1000	1.0188	1.3039	1.1007	Exp5	50uM-1000uM	-Burk
NoBurk50-1000	0.8737	1.0499	1.0329	Exp5	50uM-1000uM	-Burk
NoBurk50-1000	0.4016	0.8805	0.5757	Exp5	50uM-1000uM	-Burk
NoBurk50-1000	0.3611	0.7112	0.6435	Exp5	50uM-1000uM	-Burk
NoBurk50-1000	0.8859	1.2531	0.8636	Exp5	50uM-1000uM	-Burk
NoBurk50-1000	1.0625	1.3377	1.0837	Exp5	50uM-1000uM	-Burk
NoBurk50-1000	0.6127	1.016	0.8297	Exp5	50uM-1000uM	-Burk
NoBurk50-1000	1.1301	1.0668	1.4224	Exp5	50uM-1000uM	-Burk
NoBurk50-1000	0.4032	1.016	0.6943	Exp5	50uM-1000uM	-Burk
NoBurk50-1000	0.7538	1.0499	1.016	Exp5	50uM-1000uM	-Burk
NoBurk50-1000	0.7673	1.2361	0.9483	Exp5	50uM-1000uM	-Burk
NoBurk50-1000	0.7082	0.9652	0.9652	Exp5	50uM-1000uM	-Burk
NoBurk50-1000	0.885	1.0837	0.9821	Exp5	50uM-1000uM	-Burk
NoBurk50-1000	0.7468	1.0837	1.0837	Exp5	50uM-1000uM	-Burk
NoBurk50-1000	0.8235	1.2869	0.9313	Exp5	50uM-1000uM	-Burk
NoBurk50-1000	0.8227	1.1853	0.9821	Exp5	50uM-1000uM	-Burk
NoBurk50-1000	0.7183	1.0499	0.8128	Exp5	50uM-1000uM	-Burk
NoBurk50-1000	0.8097	1.1515	0.8975	Exp5	50uM-1000uM	-Burk
NoBurk50-1000	0.4591	0.9483	0.7112	Exp5	50uM-1000uM	-Burk
NoBurk50-1000	0.9271	1.0837	1.1176	Exp5	50uM-1000uM	-Burk
NoBurk50-1000	0.8426	1.1176	1.016	Exp5	50uM-1000uM	-Burk
NoBurk50-1000	0.3307	0.9313	0.4911	Exp5	50uM-1000uM	-Burk
NoBurk50-1000	0.811	0.9483	1.1684	Exp5	50uM-1000uM	-Burk
NoBurk50-1000	1.0419	1.2023	1.1684	Exp5	50uM-1000uM	-Burk
NoBurk50-1000	0.8406	1.3039	0.9313	Exp5	50uM-1000uM	-Burk
NoBurk50-1000	0.6697	1.3716	0.7112	Exp5	50uM-1000uM	-Burk
NoBurk50-1000	1.4085	1.6425	1.3208	Exp5	50uM-1000uM	-Burk
NoBurk50-1000	1.303	1.2023	1.4393	Exp5	50uM-1000uM	-Burk
NoBurk50-1000	0.5272	0.7789	0.9652	Exp5	50uM-1000uM	-Burk
NoRalst50-1000	0.4452	0.8805	0.7959	Exp5	50uM-1000uM	-Ralst
NoRalst50-1000	0.5523	0.9483	0.8467	Exp5	50uM-1000uM	-Ralst
NoRalst50-1000	0.6682	0.9144	0.9821	Exp5	50uM-1000uM	-Ralst
NoRalst50-1000	0.5839	1.1176	0.8128	Exp5	50uM-1000uM	-Ralst
NoRalst50-1000	0.6191	1.0329	0.9483	Exp5	50uM-1000uM	-Ralst
NoRalst50-1000	0.7375	0.9991	1.0499	Exp5	50uM-1000uM	-Ralst
NoRalst50-1000	0.7098	0.8805	1.1345	Exp5	50uM-1000uM	-Ralst
NoRalst50-1000	0.7094	0.9821	0.9821	Exp5	50uM-1000uM	-Ralst
NoRalst50-1000	0.6996	1.0499	0.8975	Exp5	50uM-1000uM	-Ralst
NoRalst50-1000	0.7523	1.2869	0.9483	Exp5	50uM-1000uM	-Ralst
NoRalst50-1000	0.4645	0.7281	0.8636	Exp5	50uM-1000uM	-Ralst
NoRalst50-1000	1.0977	1.2192	1.3039	Exp5	50uM-1000uM	-Ralst
NoRalst50-1000	1.0404	0.9483	1.4563	Exp5	50uM-1000uM	-Ralst
NoRalst50-1000	0.75	0.8297	1.1853	Exp5	50uM-1000uM	-Ralst
NoRalst50-1000	0.7227	1.016	0.8975	Exp5	50uM-1000uM	-Ralst
NoRalst50-1000	1.0322	0.9991	1.4563	Exp5	50uM-1000uM	-Ralst
NoRalst50-1000	1.131	1.1515	1.3039	Exp5	50uM-1000uM	-Ralst
NoRalst50-1000	1.0262	1.3885	1.0329	Exp5	50uM-1000uM	-Ralst
NoRalst50-1000	0.5568	0.8636	0.8975	Exp5	50uM-1000uM	-Ralst
NoRalst50-1000	0.5345	0.7959	0.8975	Exp5	50uM-1000uM	-Ralst
NoRalst50-1000	0.5138	0.8636	0.9821	Exp5	50uM-1000uM	-Ralst
NoRalst50-1000	0.6266	0.762	0.9821	Exp5	50uM-1000uM	-Ralst
NoRalst50-1000	0.801	1.0499	1.1853	Exp5	50uM-1000uM	-Ralst
NoRalst50-1000	0.7185	1.1345	0.8975	Exp5	50uM-1000uM	-Ralst
NoRalst50-1000	0.7845	0.9313	1.3039	Exp5	50uM-1000uM	-Ralst
NoRalst50-1000	0.351	0.8128	0.6943	Exp5	50uM-1000uM	-Ralst
NoRalst50-1000	0.387	0.9652	0.6773	Exp5	50uM-1000uM	-Ralst
NoRalst50-1000	0.6486	0.9821	0.9821	Exp5	50uM-1000uM	-Ralst
NoRalst50-1000	0.6717	1.1176	0.9652	Exp5	50uM-1000uM	-Ralst
NoRalst50-1000	0.587	0.9991	0.8975	Exp5	50uM-1000uM	-Ralst
NoRalst50-1000	0.9868	1.3208	1.1007	Exp5	50uM-1000uM	-Ralst
NoRalst50-1000	0.4374	0.7451	0.762	Exp5	50uM-1000uM	-Ralst
NoRalst50-1000	0.7849	1.1007	0.8636	Exp5	50uM-1000uM	-Ralst
NoRalst50-1000	0.809	1.1684	0.9483	Exp5	50uM-1000uM	-Ralst
NoRalst50-1000	0.8955	1.2023	0.9652	Exp5	50uM-1000uM	-Ralst
NoRalst50-1000	0.4943	0.7451	0.8975	Exp5	50uM-1000uM	-Ralst
NoRalst50-1000	0.3616	0.6265	0.8297	Exp5	50uM-1000uM	-Ralst
NoRalst50-1000	0.6361	0.9991	0.8467	Exp5	50uM-1000uM	-Ralst
NoRalst50-1000	0.4757	0.9652	0.6265	Exp5	50uM-1000uM	-Ralst
NoRalst50-1000	0.7042	0.9483	0.8636	Exp5	50uM-1000uM	-Ralst
NoRalst50-1000	0.6384	0.9652	0.9483	Exp5	50uM-1000uM	-Ralst
NoRalst50-1000	0.5299	0.7789	0.8467	Exp5	50uM-1000uM	-Ralst
NoRalst50-1000	0.3063	0.6435	0.7789	Exp5	50uM-1000uM	-Ralst
NoRalst50-1000	0.989	1.2023	1.1684	Exp5	50uM-1000uM	-Ralst
NoRalst50-1000	0.6804	0.9313	0.9313	Exp5	50uM-1000uM	-Ralst
full50-1000	0.422	0.8467	0.6435	Exp5	50uM-1000uM	Full
full50-1000	0.4753	0.8297	0.7959	Exp5	50uM-1000uM	Full
full50-1000	0.6557	1.1684	0.6943	Exp5	50uM-1000uM	Full
full50-1000	0.3135	0.7789	0.5927	Exp5	50uM-1000uM	Full
full50-1000	0.5706	1.1007	0.8467	Exp5	50uM-1000uM	Full
full50-1000	0.254	0.8128	0.5927	Exp5	50uM-1000uM	Full
full50-1000	1.247	1.3716	1.1345	Exp5	50uM-1000uM	Full
full50-1000	0.9419	1.4224	0.8636	Exp5	50uM-1000uM	Full
full50-1000	0.7152	1.0668	0.9652	Exp5	50uM-1000uM	Full
full50-1000	0.4948	1.2361	0.6943	Exp5	50uM-1000uM	Full
full50-1000	0.3715	0.6604	0.9144	Exp5	50uM-1000uM	Full
full50-1000	0.7715	1.1345	0.9144	Exp5	50uM-1000uM	Full
full50-1000	0.6774	1.1345	0.7959	Exp5	50uM-1000uM	Full
full50-1000	1.2663	1.4563	1.1853	Exp5	50uM-1000uM	Full
full50-1000	0.629	1.016	0.8467	Exp5	50uM-1000uM	Full
full50-1000	0.7437	1.2023	1.0668	Exp5	50uM-1000uM	Full
full50-1000	1.0194	1.1853	1.2361	Exp5	50uM-1000uM	Full
full50-1000	0.579	1.0329	0.7112	Exp5	50uM-1000uM	Full
full50-1000	0.5774	1.016	0.8805	Exp5	50uM-1000uM	Full
full50-1000	0.7541	1.1007	0.8636	Exp5	50uM-1000uM	Full
full50-1000	0.6247	1.016	0.8297	Exp5	50uM-1000uM	Full
full50-1000	0.8949	1.3039	0.8805	Exp5	50uM-1000uM	Full
full50-1000	0.6718	1.0668	0.9144	Exp5	50uM-1000uM	Full
full50-1000	1.231	1.2869	1.1007	Exp5	50uM-1000uM	Full
full50-1000	0.5728	1.0499	0.7789	Exp5	50uM-1000uM	Full
full50-1000	0.6403	1.0668	0.8467	Exp5	50uM-1000uM	Full
full50-1000	0.6299	1.0668	0.9483	Exp5	50uM-1000uM	Full
full50-1000	1.0064	1.016	1.4393	Exp5	50uM-1000uM	Full
full50-1000	0.9085	0.9652	1.5748	Exp5	50uM-1000uM	Full
full50-1000	1.0678	1.2869	1.0668	Exp5	50uM-1000uM	Full
full50-1000	0.8707	1.0668	1.0837	Exp5	50uM-1000uM	Full
full50-1000	0.8396	1.1515	1.016	Exp5	50uM-1000uM	Full
full50-1000	1.0854	1.4901	1.1007	Exp5	50uM-1000uM	Full
full50-1000	1.1507	1.4563	1.1176	Exp5	50uM-1000uM	Full
full50-1000	1.4033	1.4901	1.27	Exp5	50uM-1000uM	Full
full50-1000	0.592	0.7789	0.9991	Exp5	50uM-1000uM	Full
full50-1000	0.8792	1.0668	1.1684	Exp5	50uM-1000uM	Full
full50-1000	1.0103	1.27	1.0329	Exp5	50uM-1000uM	Full
full50-1000	0.9797	1.0329	1.2531	Exp5	50uM-1000uM	Full
full50-1000	0.7105	1.0837	0.8636	Exp5	50uM-1000uM	Full
full50-1000	0.6878	1.0499	0.8636	Exp5	50uM-1000uM	Full
full50-1000	0.905	1.3039	0.8975	Exp5	50uM-1000uM	Full
full50-1000	0.8915	1.1853	1.0499	Exp5	50uM-1000uM	Full
full50-1000	1.0027	1.1853	1.1853	Exp5	50uM-1000uM	Full
full50-1000	0.8119	1.0499	0.9652	Exp5	50uM-1000uM	Full
full50-1000	0.6048	0.8297	0.9821	Exp5	50uM-1000uM	Full
full50-1000	1.118	1.1684	1.1853	Exp5	50uM-1000uM	Full
full50-1000	0.7698	0.8975	1.016	Exp5	50uM-1000uM	Full
full50-1000	1.1418	1.1176	1.3208	Exp5	50uM-1000uM	Full
full50-1000	1.1885	1.2869	1.1684	Exp5	50uM-1000uM	Full
NB50-1000	1.0633	1.3377	1.0668	Exp5	50uM-1000uM	NB
NB50-1000	0.6306	0.9313	0.8636	Exp5	50uM-1000uM	NB
NB50-1000	1.9877	1.5409	1.8288	Exp5	50uM-1000uM	NB
NB50-1000	0.6846	1.1176	0.7789	Exp5	50uM-1000uM	NB
NB50-1000	0.9204	1.0668	1.1684	Exp5	50uM-1000uM	NB
NB50-1000	0.4029	0.7112	0.7959	Exp5	50uM-1000uM	NB
NB50-1000	0.6635	1.0668	0.9313	Exp5	50uM-1000uM	NB
NB50-1000	0.8221	0.9313	1.1176	Exp5	50uM-1000uM	NB
NB50-1000	0.5824	1.016	0.7959	Exp5	50uM-1000uM	NB
NB50-1000	1.228	1.2531	1.4732	Exp5	50uM-1000uM	NB
NB50-1000	0.7748	1.2361	1.0837	Exp5	50uM-1000uM	NB
NB50-1000	1.2518	1.5748	1.2023	Exp5	50uM-1000uM	NB
NB50-1000	0.8149	1.1007	0.9991	Exp5	50uM-1000uM	NB
NB50-1000	0.3974	0.8128	0.6265	Exp5	50uM-1000uM	NB
NB50-1000	0.5586	0.9991	0.7789	Exp5	50uM-1000uM	NB
NB50-1000	0.8214	0.9821	1.2023	Exp5	50uM-1000uM	NB
NB50-1000	0.507	0.8467	0.7281	Exp5	50uM-1000uM	NB
NB50-1000	0.705	1.1176	0.7789	Exp5	50uM-1000uM	NB
NB50-1000	0.8986	1.2192	0.9144	Exp5	50uM-1000uM	NB
NB50-1000	0.6819	1.0499	0.8975	Exp5	50uM-1000uM	NB
NB50-1000	0.9751	0.9313	1.4055	Exp5	50uM-1000uM	NB
NB50-1000	0.5882	1.0668	0.762	Exp5	50uM-1000uM	NB
NB50-1000	1.178	1.2192	1.1176	Exp5	50uM-1000uM	NB
NB50-1000	0.8913	1.0668	0.9652	Exp5	50uM-1000uM	NB
NB50-1000	1.3781	1.4393	1.3716	Exp5	50uM-1000uM	NB
NB50-1000	1.0201	1.2023	1.0837	Exp5	50uM-1000uM	NB
NB50-1000	0.9525	1.1684	1.2531	Exp5	50uM-1000uM	NB
NB50-1000	0.9986	1.0329	1.2531	Exp5	50uM-1000uM	NB
NB50-1000	0.7276	1.1853	1.2361	Exp5	50uM-1000uM	NB
NB50-1000	1.1273	1.27	1.0329	Exp5	50uM-1000uM	NB
NB50-1000	0.7891	1.0668	0.9821	Exp5	50uM-1000uM	NB
NB50-1000	0.527	0.8297	0.9144	Exp5	50uM-1000uM	NB
NB50-1000	1.3667	1.3547	1.3208	Exp5	50uM-1000uM	NB
NB50-1000	1.4067	1.27	1.4901	Exp5	50uM-1000uM	NB
NB50-1000	0.7093	0.8805	1.016	Exp5	50uM-1000uM	NB
NB50-1000	0.8533	0.9991	1.2192	Exp5	50uM-1000uM	NB
NB50-1000	1.3011	1.2023	1.2869	Exp5	50uM-1000uM	NB
NB50-1000	1.1485	1.1515	1.4732	Exp5	50uM-1000uM	NB
NB50-1000	1.3171	1.2361	1.3377	Exp5	50uM-1000uM	NB
NB50-1000	1.4656	1.3547	1.4732	Exp5	50uM-1000uM	NB
NB50-1000	0.6968	0.9483	0.9821	Exp5	50uM-1000uM	NB
NB50-1000	0.4523	0.9991	0.6096	Exp5	50uM-1000uM	NB
NB50-1000	0.9342	1.1684	1.1176	Exp5	50uM-1000uM	NB
NB50-1000	0.6865	0.9821	1.0329	Exp5	50uM-1000uM	NB
NB50-1000	1.2649	1.2023	1.4563	Exp5	50uM-1000uM	NB
NB50-1000	0.6596	0.7959	1.1176	Exp5	50uM-1000uM	NB
NB50-1000	0.6368	1.0329	0.8297	Exp5	50uM-1000uM	NB
NB50-1000	0.8904	1.2023	1.0837	Exp5	50uM-1000uM	NB
NoBurk50	0.2518	0.7281	0.4572	Exp4	50uM	-Burk
NoBurk50	0.4682	0.7789	0.762	Exp4	50uM	-Burk
NoBurk50	0.342	0.7789	0.6096	Exp4	50uM	-Burk
NoBurk50	0.2957	0.6773	0.5927	Exp4	50uM	-Burk
NoBurk50	0.3554	0.7959	0.6435	Exp4	50uM	-Burk
NoBurk50	0.4118	0.7451	0.7112	Exp4	50uM	-Burk
NoBurk50	0.5225	0.7112	0.9313	Exp4	50uM	-Burk
NoBurk50	0.318	0.6604	0.6435	Exp4	50uM	-Burk
NoBurk50	0.5328	0.9991	0.6265	Exp4	50uM	-Burk
NoBurk50	0.2606	0.8975	0.5588	Exp4	50uM	-Burk
NoBurk50	0.301	0.6773	0.5588	Exp4	50uM	-Burk
NoBurk50	0.5928	1.2023	0.7112	Exp4	50uM	-Burk
NoBurk50	0.7129	1.016	0.9144	Exp4	50uM	-Burk
NoBurk50	0.7762	0.9652	0.9652	Exp4	50uM	-Burk
NoBurk50	0.9695	1.1853	0.9991	Exp4	50uM	-Burk
NoBurk50	0.6439	0.7451	1.0668	Exp4	50uM	-Burk
NoBurk50	0.2571	0.7112	0.4572	Exp4	50uM	-Burk
NoBurk50	0.4573	0.7112	0.8128	Exp4	50uM	-Burk
NoBurk50	0.7366	1.1515	0.9144	Exp4	50uM	-Burk
NoBurk50	0.4022	0.6435	0.762	Exp4	50uM	-Burk
NoBurk50	0.4818	1.1176	0.5249	Exp4	50uM	-Burk
NoBurk50	0.6654	0.8467	0.9991	Exp4	50uM	-Burk
NoBurk50	0.5533	0.7959	0.762	Exp4	50uM	-Burk
NoBurk50	0.3844	0.6096	0.7451	Exp4	50uM	-Burk
NoBurk50	0.8175	1.1007	1.016	Exp4	50uM	-Burk
NoBurk50	0.3082	0.762	0.5419	Exp4	50uM	-Burk
NoBurk50	0.4225	0.7112	0.8128	Exp4	50uM	-Burk
NoBurk50	0.247	0.6096	0.508	Exp4	50uM	-Burk
NoRalst50	0.2087	0.6096	0.4233	Exp4	50uM	-Ralst
NoRalst50	0.2504	0.5757	0.5249	Exp4	50uM	-Ralst
NoRalst50	0.3252	0.7112	0.5757	Exp4	50uM	-Ralst
NoRalst50	0.4749	0.8297	0.7451	Exp4	50uM	-Ralst
NoRalst50	0.3058	0.6435	0.5588	Exp4	50uM	-Ralst
NoRalst50	0.1903	0.5927	0.4403	Exp4	50uM	-Ralst
NoRalst50	0.2674	0.6943	0.4741	Exp4	50uM	-Ralst
NoRalst50	0.507	0.8467	0.8297	Exp4	50uM	-Ralst
NoRalst50	0.4385	0.6435	0.8975	Exp4	50uM	-Ralst
NoRalst50	0.2348	0.6604	0.4403	Exp4	50uM	-Ralst
NoRalst50	0.3319	0.7959	0.5757	Exp4	50uM	-Ralst
NoRalst50	0.2801	0.5927	0.5757	Exp4	50uM	-Ralst
NoRalst50	0.1849	0.5757	0.3895	Exp4	50uM	-Ralst
NoRalst50	0.4608	0.7451	0.7959	Exp4	50uM	-Ralst
NoRalst50	0.2996	0.5588	0.6265	Exp4	50uM	-Ralst
NoRalst50	0.4557	0.7112	0.7959	Exp4	50uM	-Ralst
NoRalst50	0.4475	0.7112	0.762	Exp4	50uM	-Ralst
NoRalst50	0.5599	1.1515	0.6604	Exp4	50uM	-Ralst
NoRalst50	0.6771	1.2023	0.7451	Exp4	50uM	-Ralst
NoRalst50	0.7521	0.8975	1.0329	Exp4	50uM	-Ralst
NoRalst50	0.9396	1.4224	0.7789	Exp4	50uM	-Ralst
NoRalst50	0.5346	0.7112	0.8636	Exp4	50uM	-Ralst
NoRalst50	0.351	0.6435	0.6943	Exp4	50uM	-Ralst
NoRalst50	0.8995	1.3039	0.9144	Exp4	50uM	-Ralst
NoRalst50	0.3808	0.6773	0.7281	Exp4	50uM	-Ralst
NoRalst50	0.1535	0.508	0.3556	Exp4	50uM	-Ralst
NoRalst50	0.8281	0.9821	1.1007	Exp4	50uM	-Ralst
NoRalst50	0.4041	0.8975	0.5588	Exp4	50uM	-Ralst
full50	0.2127	0.5757	0.4911	Exp4	50uM	Full
full50	0.3543	0.6773	0.6435	Exp4	50uM	Full
full50	0.4604	0.8297	0.7959	Exp4	50uM	Full
full50	0.3774	0.6265	0.7112	Exp4	50uM	Full
full50	0.2872	0.8128	0.5927	Exp4	50uM	Full
full50	0.4182	0.7959	0.6943	Exp4	50uM	Full
full50	0.3045	0.6265	0.5757	Exp4	50uM	Full
full50	0.4722	0.8467	0.7112	Exp4	50uM	Full
full50	0.3044	0.6943	0.6096	Exp4	50uM	Full
full50	0.2347	0.5927	0.4911	Exp4	50uM	Full
full50	0.4369	0.8805	0.6435	Exp4	50uM	Full
full50	0.3062	0.7789	0.5927	Exp4	50uM	Full
full50	0.4511	0.8467	0.7112	Exp4	50uM	Full
full50	0.3176	0.6096	0.7281	Exp4	50uM	Full
full50	0.5052	0.762	0.8297	Exp4	50uM	Full
full50	0.2348	0.6773	0.4403	Exp4	50uM	Full
full50	0.3556	0.8467	0.6096	Exp4	50uM	Full
full50	0.3148	0.7451	0.5419	Exp4	50uM	Full
full50	0.4391	0.7112	0.7451	Exp4	50uM	Full
full50	0.3369	0.7789	0.5249	Exp4	50uM	Full
full50	0.3396	0.6943	0.7112	Exp4	50uM	Full
full50	0.2551	0.5757	0.6435	Exp4	50uM	Full
full50	0.3614	0.7959	0.6265	Exp4	50uM	Full
full50	0.4876	0.9313	0.7281	Exp4	50uM	Full
full50	0.2241	0.6943	0.4911	Exp4	50uM	Full
full50	0.3044	0.7281	0.5757	Exp4	50uM	Full
full50	0.2902	0.6773	0.5927	Exp4	50uM	Full
full50	0.3952	0.7451	0.7451	Exp4	50uM	Full
full50	0.3029	0.7789	0.508	Exp4	50uM	Full
full50	0.3302	0.6265	0.6773	Exp4	50uM	Full
full50	0.4011	0.6943	0.7281	Exp4	50uM	Full
full50	0.4176	0.7789	0.7451	Exp4	50uM	Full
full50	0.5167	0.8297	0.8128	Exp4	50uM	Full
full50	0.2961	0.6265	0.5927	Exp4	50uM	Full
full50	0.212	0.5757	0.5249	Exp4	50uM	Full
full50	0.4565	0.8467	0.6943	Exp4	50uM	Full
full50	0.4038	0.8128	0.5588	Exp4	50uM	Full
full50	0.3381	0.6773	0.7112	Exp4	50uM	Full
full50	0.4303	0.8467	0.6435	Exp4	50uM	Full
full50	0.294	0.6943	0.5757	Exp4	50uM	Full
full50	0.5105	1.0329	0.7451	Exp4	50uM	Full
full50	0.4939	0.8805	0.7112	Exp4	50uM	Full
full50	0.1998	0.6943	0.4233	Exp4	50uM	Full
full50	0.3824	0.6943	0.7281	Exp4	50uM	Full
full50	0.1622	0.4911	0.4741	Exp4	50uM	Full
full50	0.3257	0.7451	0.5927	Exp4	50uM	Full
full50	0.3499	0.8297	0.5757	Exp4	50uM	Full
full50	0.265	0.8297	0.3725	Exp4	50uM	Full
full50	0.2938	0.6604	0.5249	Exp4	50uM	Full
full50	0.3187	0.7112	0.5927	Exp4	50uM	Full
NB50	0.3493	0.6435	0.6604	Exp4	50uM	NB
NB50	0.4323	0.6773	0.762	Exp4	50uM	NB
NB50	0.2952	0.7789	0.5249	Exp4	50uM	NB
NB50	1.0864	1.27	1.2361	Exp4	50uM	NB
NB50	0.6814	1.0499	0.8975	Exp4	50uM	NB
NB50	0.8211	0.9821	1.0668	Exp4	50uM	NB
NB50	0.2415	0.6265	0.5249	Exp4	50uM	NB
NB50	0.1797	0.6435	0.3725	Exp4	50uM	NB
NB50	0.1929	0.5249	0.4233	Exp4	50uM	NB
NB50	0.4916	1.0329	0.5757	Exp4	50uM	NB
NB50	0.9495	1.0837	1.2361	Exp4	50uM	NB
NB50	0.8788	1.1176	0.9821	Exp4	50uM	NB
NB50	0.6296	0.9991	0.8128	Exp4	50uM	NB
NB50	0.3486	1.0329	0.4741	Exp4	50uM	NB
NB50	0.7406	1.1007	0.8805	Exp4	50uM	NB
NB50	0.8039	0.9821	1.2192	Exp4	50uM	NB
NB50	0.702	0.762	1.2192	Exp4	50uM	NB
NB50	0.7821	0.9313	1.016	Exp4	50uM	NB
NB50	1.1325	1.3885	1.0499	Exp4	50uM	NB
NB50	1.2972	1.4732	1.0668	Exp4	50uM	NB
NB50	0.9173	1.2023	0.9144	Exp4	50uM	NB
NB50	0.9677	1.1684	1.1345	Exp4	50uM	NB
NB50	0.569	0.9991	0.7281	Exp4	50uM	NB
NB50	0.325	0.8128	0.4572	Exp4	50uM	NB
NB50	0.3611	0.8467	0.5757	Exp4	50uM	NB
NB50	0.8064	1.1007	0.9144	Exp4	50uM	NB
NB50	0.4295	0.6943	0.7281	Exp4	50uM	NB
NB50	0.5511	0.8975	0.762	Exp4	50uM	NB
NB50	0.5752	0.9821	0.7451	Exp4	50uM	NB
NB50	0.6583	1.0668	0.762	Exp4	50uM	NB
NB50	0.6017	0.7789	1.0499	Exp4	50uM	NB
NB50	0.6072	1.0499	0.7451	Exp4	50uM	NB
NB50	0.4203	1.016	0.6773	Exp4	50uM	NB
NB50	0.8202	1.3039	0.7959	Exp4	50uM	NB
NB50	0.9551	1.1684	1.2023	Exp4	50uM	NB
NB50	0.4077	0.7789	0.6943	Exp4	50uM	NB
NoBurk50	0.6073	0.9483	0.762	Exp4	50uM	-Burk
NoBurk50	0.477	0.9652	0.6265	Exp4	50uM	-Burk
NoBurk50	0.4832	1.0499	0.5419	Exp4	50uM	-Burk
NoBurk50	0.7047	1.0499	0.8636	Exp4	50uM	-Burk
NoBurk1000	1.1573	1.5071	1.0668	Exp4	1000uM	-Burk
NoBurk1000	0.61	0.8805	0.8805	Exp4	1000uM	-Burk
NoBurk1000	1.6465	1.8965	1.1515	Exp4	1000uM	-Burk
NoBurk1000	1.2143	1.2531	1.2531	Exp4	1000uM	-Burk
NoBurk1000	1.6241	1.3547	1.5917	Exp4	1000uM	-Burk
NoBurk1000	0.5561	0.9313	0.6943	Exp4	1000uM	-Burk
NoBurk1000	0.403	0.8975	0.5588	Exp4	1000uM	-Burk
NoBurk1000	0.5053	0.8805	0.6943	Exp4	1000uM	-Burk
NoBurk1000	0.8348	0.9991	1.0499	Exp4	1000uM	-Burk
NoBurk1000	0.4418	0.7789	0.6943	Exp4	1000uM	-Burk
NoBurk1000	1.114	1.1345	1.27	Exp4	1000uM	-Burk
NoBurk1000	0.8161	1.1515	0.8975	Exp4	1000uM	-Burk
NoBurk1000	1.0911	1.27	1.4393	Exp4	1000uM	-Burk
NoBurk1000	0.387	0.8128	0.5927	Exp4	1000uM	-Burk
NoBurk1000	0.5442	0.9483	0.762	Exp4	1000uM	-Burk
NoBurk1000	0.6487	1.0499	1.0499	Exp4	1000uM	-Burk
NoBurk1000	0.4203	0.8975	0.6265	Exp4	1000uM	-Burk
NoBurk1000	0.3949	0.7281	0.7281	Exp4	1000uM	-Burk
NoBurk1000	0.7072	0.9821	0.9144	Exp4	1000uM	-Burk
NoBurk1000	0.8742	1.1176	1.1007	Exp4	1000uM	-Burk
NoBurk1000	0.9215	1.016	1.1176	Exp4	1000uM	-Burk
NoBurk1000	0.802	1.0499	1.0329	Exp4	1000uM	-Burk
NoBurk1000	0.4051	0.6773	0.762	Exp4	1000uM	-Burk
NoBurk1000	0.9214	1.3039	0.8128	Exp4	1000uM	-Burk
NoBurk1000	0.3611	0.8297	0.5588	Exp4	1000uM	-Burk
NoBurk1000	0.3418	0.9991	0.5249	Exp4	1000uM	-Burk
NoRalst1000	0.4133	0.8297	0.5927	Exp4	1000uM	-Ralst
NoRalst1000	0.4793	0.8636	1.016	Exp4	1000uM	-Ralst
NoRalst1000	0.6176	0.8636	0.9821	Exp4	1000uM	-Ralst
NoRalst1000	0.3647	0.6943	0.6943	Exp4	1000uM	-Ralst
NoRalst1000	0.5061	0.9991	0.6435	Exp4	1000uM	-Ralst
NoRalst1000	0.1925	0.762	0.3725	Exp4	1000uM	-Ralst
NoRalst1000	0.4834	0.7789	0.8128	Exp4	1000uM	-Ralst
NoRalst1000	0.4438	0.6773	0.8297	Exp4	1000uM	-Ralst
NoRalst1000	0.5818	0.9313	0.7959	Exp4	1000uM	-Ralst
NoRalst1000	0.5617	0.8467	0.9483	Exp4	1000uM	-Ralst
NoRalst1000	0.5666	0.7959	0.8467	Exp4	1000uM	-Ralst
NoRalst1000	0.5872	0.9821	0.762	Exp4	1000uM	-Ralst
NoRalst1000	0.6434	0.8297	0.9991	Exp4	1000uM	-Ralst
NoRalst1000	0.9819	0.9652	1.1853	Exp4	1000uM	-Ralst
NoRalst1000	0.7862	1.0499	0.9483	Exp4	1000uM	-Ralst
NoRalst1000	1.911	1.778	1.4224	Exp4	1000uM	-Ralst
NoRalst1000	0.4872	0.7789	0.7959	Exp4	1000uM	-Ralst
NoRalst1000	1.4124	1.3039	1.4224	Exp4	1000uM	-Ralst
NoRalst1000	1.4952	1.2531	1.4393	Exp4	1000uM	-Ralst
NoRalst1000	0.426	0.8297	0.6265	Exp4	1000uM	-Ralst
NoRalst1000	0.718	1.1684	0.8975	Exp4	1000uM	-Ralst
NoRalst1000	0.7594	0.9144	1.0668	Exp4	1000uM	-Ralst
NoRalst1000	0.9293	0.9313	1.2361	Exp4	1000uM	-Ralst
NoRalst1000	0.4656	0.6773	0.8636	Exp4	1000uM	-Ralst
NoRalst1000	0.6444	1.0668	0.7112	Exp4	1000uM	-Ralst
NoRalst1000	0.8135	1.016	0.9313	Exp4	1000uM	-Ralst
NoRalst1000	0.6574	1.1345	0.8467	Exp4	1000uM	-Ralst
NoRalst1000	0.7421	1.1176	0.9821	Exp4	1000uM	-Ralst
NoRalst1000	0.8716	1.2023	0.8975	Exp4	1000uM	-Ralst
NoRalst1000	1.2536	1.5579	0.9483	Exp4	1000uM	-Ralst
full1000	1.4341	1.1684	1.6256	Exp4	1000uM	Full
full1000	2.0034	1.2531	2.286	Exp4	1000uM	Full
full1000	0.9168	0.8805	1.3208	Exp4	1000uM	Full
full1000	0.8067	0.9313	1.27	Exp4	1000uM	Full
full1000	1.1833	1.3208	1.1684	Exp4	1000uM	Full
full1000	1.0538	0.9821	1.2361	Exp4	1000uM	Full
full1000	0.9839	1.1684	1.2869	Exp4	1000uM	Full
full1000	1.6046	1.4563	1.5409	Exp4	1000uM	Full
full1000	0.7206	0.8467	1.1176	Exp4	1000uM	Full
full1000	0.5291	0.8128	0.8636	Exp4	1000uM	Full
full1000	0.5102	0.8975	0.7789	Exp4	1000uM	Full
full1000	0.9914	1.1853	1.1007	Exp4	1000uM	Full
full1000	1.4217	1.2361	1.6087	Exp4	1000uM	Full
full1000	0.5935	0.8975	0.8805	Exp4	1000uM	Full
full1000	1.1961	1.2192	1.4055	Exp4	1000uM	Full
full1000	1.313	1.4563	1.1515	Exp4	1000uM	Full
full1000	0.8956	0.9821	1.0668	Exp4	1000uM	Full
full1000	1.9237	1.4393	1.6425	Exp4	1000uM	Full
full1000	1.9994	1.5748	1.5409	Exp4	1000uM	Full
full1000	0.9832	1.1853	1.0668	Exp4	1000uM	Full
full1000	0.847	1.0668	1.0668	Exp4	1000uM	Full
full1000	1.1867	1.1515	1.3547	Exp4	1000uM	Full
full1000	0.8092	1.1515	1.1007	Exp4	1000uM	Full
full1000	0.7635	0.9821	0.9821	Exp4	1000uM	Full
full1000	0.503	0.8297	0.762	Exp4	1000uM	Full
full1000	0.7608	0.9483	1.016	Exp4	1000uM	Full
full1000	0.9199	1.016	1.3377	Exp4	1000uM	Full
full1000	1.1738	1.2023	1.2192	Exp4	1000uM	Full
full1000	0.7444	1.1515	0.8636	Exp4	1000uM	Full
full1000	0.4923	0.6265	1.016	Exp4	1000uM	Full
full1000	0.4362	0.762	0.762	Exp4	1000uM	Full
full1000	0.3464	0.5927	0.7789	Exp4	1000uM	Full
full1000	1.3033	1.3208	1.2023	Exp4	1000uM	Full
full1000	0.6847	1.1007	0.8128	Exp4	1000uM	Full
full1000	0.7201	1.1515	0.7451	Exp4	1000uM	Full
full1000	0.9321	1.2869	0.8636	Exp4	1000uM	Full
full1000	0.8261	1.1176	1.1684	Exp4	1000uM	Full
full1000	0.5497	0.9483	0.8467	Exp4	1000uM	Full
full1000	1.8376	1.8457	1.1176	Exp4	1000uM	Full
full1000	1.0745	0.9821	1.3039	Exp4	1000uM	Full
full1000	0.9469	1.0668	1.1345	Exp4	1000uM	Full
full1000	1.0081	1.1684	1.1853	Exp4	1000uM	Full
full1000	2.2496	1.9473	1.6087	Exp4	1000uM	Full
full1000	0.8459	0.9313	1.3208	Exp4	1000uM	Full
full50-1000	0.3259	0.7112	0.5757	Exp4	50uM-1000uM	Full
full50-1000	0.2975	0.6435	0.5419	Exp4	50uM-1000uM	Full
full50-1000	0.3029	0.6773	0.5927	Exp4	50uM-1000uM	Full
full50-1000	0.4261	0.8467	0.6773	Exp4	50uM-1000uM	Full
full50-1000	0.3186	0.6604	0.6435	Exp4	50uM-1000uM	Full
full50-1000	0.5074	0.6943	0.8636	Exp4	50uM-1000uM	Full
full50-1000	0.5054	0.8975	0.762	Exp4	50uM-1000uM	Full
full50-1000	0.332	0.6943	0.5757	Exp4	50uM-1000uM	Full
full50-1000	0.4078	0.7451	0.7281	Exp4	50uM-1000uM	Full
full50-1000	0.372	0.5757	0.7789	Exp4	50uM-1000uM	Full
full50-1000	0.5905	0.9652	0.7959	Exp4	50uM-1000uM	Full
full50-1000	0.4946	0.7451	0.8128	Exp4	50uM-1000uM	Full
full50-1000	0.5553	0.9483	0.7281	Exp4	50uM-1000uM	Full
full50-1000	0.3785	0.8128	0.6096	Exp4	50uM-1000uM	Full
full50-1000	0.691	0.8975	0.9821	Exp4	50uM-1000uM	Full
full50-1000	0.5543	0.8805	0.762	Exp4	50uM-1000uM	Full
full50-1000	0.4515	0.7281	0.8636	Exp4	50uM-1000uM	Full
NB1000	0.8356	1.1176	0.9483	Exp4	1000uM	NB
NB1000	0.5604	0.7959	1.016	Exp4	1000uM	NB
NB1000	1.3733	1.6764	1.4055	Exp4	1000uM	NB
NB1000	1.6272	1.524	1.27	Exp4	1000uM	NB
NB1000	0.8065	1.0329	0.9313	Exp4	1000uM	NB
NB1000	0.3196	0.6943	0.5249	Exp4	1000uM	NB
NB1000	0.529	0.9652	0.6435	Exp4	1000uM	NB
NB1000	0.7155	0.8975	1.0668	Exp4	1000uM	NB
NB1000	0.8768	1.2361	0.9652	Exp4	1000uM	NB
NB1000	0.4596	0.8128	0.6773	Exp4	1000uM	NB
NB1000	0.5404	0.8805	0.7451	Exp4	1000uM	NB
NB1000	0.9032	1.1853	1.0499	Exp4	1000uM	NB
NB1000	0.4903	0.9144	0.6265	Exp4	1000uM	NB
NB1000	1.1983	1.27	1.2361	Exp4	1000uM	NB
NB1000	1.0824	1.1515	1.1007	Exp4	1000uM	NB
NB1000	0.6016	0.8636	0.8805	Exp4	1000uM	NB
NB1000	0.686	0.7451	1.1684	Exp4	1000uM	NB
NB1000	0.8855	1.1345	0.9144	Exp4	1000uM	NB
NB1000	1.3325	1.0668	1.6256	Exp4	1000uM	NB
NB1000	0.9464	0.9821	1.1515	Exp4	1000uM	NB
NB1000	0.3769	0.6265	0.7959	Exp4	1000uM	NB
NB1000	0.4787	0.762	0.8128	Exp4	1000uM	NB
NB1000	0.3082	0.5419	0.7451	Exp4	1000uM	NB
NB1000	0.6384	0.9991	0.9144	Exp4	1000uM	NB
NB1000	0.3802	0.7789	0.6265	Exp4	1000uM	NB
NB1000	0.8651	1.2192	1.0499	Exp4	1000uM	NB
NB1000	0.4636	0.7281	0.7789	Exp4	1000uM	NB
NB1000	0.6395	0.8128	0.9652	Exp4	1000uM	NB
NB1000	0.6728	1.016	0.8805	Exp4	1000uM	NB
NB1000	1.4632	1.5071	1.1853	Exp4	1000uM	NB
NB1000	0.9492	1.1515	1.0329	Exp4	1000uM	NB
NB1000	0.7421	1.1007	0.9652	Exp4	1000uM	NB
NB1000	0.5916	0.8805	0.9313	Exp4	1000uM	NB
NoBurk50-1000	0.2116	0.5588	0.4403	Exp4	50uM-1000uM	-Burk
NoBurk50-1000	0.5327	0.8467	0.762	Exp4	50uM-1000uM	-Burk
NoBurk50-1000	0.3295	0.7451	0.5927	Exp4	50uM-1000uM	-Burk
NoBurk50-1000	0.2875	0.8297	0.4572	Exp4	50uM-1000uM	-Burk
NoBurk50-1000	0.227	0.6604	0.4572	Exp4	50uM-1000uM	-Burk
NoBurk50-1000	0.4158	0.6096	0.9144	Exp4	50uM-1000uM	-Burk
NoBurk50-1000	0.2243	0.5419	0.5249	Exp4	50uM-1000uM	-Burk
NoBurk50-1000	0.2746	0.6435	0.5249	Exp4	50uM-1000uM	-Burk
NoBurk50-1000	0.3001	0.5757	0.6773	Exp4	50uM-1000uM	-Burk
NoBurk50-1000	0.4317	0.7959	0.7959	Exp4	50uM-1000uM	-Burk
NoBurk50-1000	0.3176	0.7281	0.5757	Exp4	50uM-1000uM	-Burk
NoBurk50-1000	0.2079	0.5588	0.4572	Exp4	50uM-1000uM	-Burk
NoBurk50-1000	0.1138	0.4064	0.4233	Exp4	50uM-1000uM	-Burk
NoBurk50-1000	0.3495	0.7281	0.6943	Exp4	50uM-1000uM	-Burk
NoBurk50-1000	0.3352	0.6096	0.6773	Exp4	50uM-1000uM	-Burk
NoBurk50-1000	0.3325	0.7451	0.5419	Exp4	50uM-1000uM	-Burk
NoBurk50-1000	0.4115	0.6096	0.8636	Exp4	50uM-1000uM	-Burk
NoBurk50-1000	0.1643	0.5757	0.3725	Exp4	50uM-1000uM	-Burk
NoBurk50-1000	0.2009	0.6096	0.4233	Exp4	50uM-1000uM	-Burk
NoBurk50-1000	0.2827	0.5757	0.7112	Exp4	50uM-1000uM	-Burk
NoBurk50-1000	0.204	0.5249	0.508	Exp4	50uM-1000uM	-Burk
NoBurk50-1000	0.292	0.6435	0.5249	Exp4	50uM-1000uM	-Burk
NoBurk50-1000	0.1819	0.4741	0.5757	Exp4	50uM-1000uM	-Burk
NoBurk50-1000	0.1796	0.5419	0.4403	Exp4	50uM-1000uM	-Burk
NoBurk50-1000	0.3754	0.7281	0.6604	Exp4	50uM-1000uM	-Burk
NoBurk50-1000	0.3854	0.6265	0.8467	Exp4	50uM-1000uM	-Burk
NoBurk50-1000	0.5091	0.7789	0.7789	Exp4	50uM-1000uM	-Burk
NoBurk50-1000	0.5999	0.762	1.016	Exp4	50uM-1000uM	-Burk
NoBurk50-1000	0.8037	0.9991	0.9991	Exp4	50uM-1000uM	-Burk
NoBurk50-1000	0.4308	0.8805	0.7451	Exp4	50uM-1000uM	-Burk
NoRalst50-1000	0.2066	0.5588	0.4572	Exp4	50uM-1000uM	-Ralst
NoRalst50-1000	0.3477	0.7281	0.5588	Exp4	50uM-1000uM	-Ralst
NoRalst50-1000	0.2434	0.6435	0.4911	Exp4	50uM-1000uM	-Ralst
NoRalst50-1000	0.3143	0.7451	0.5927	Exp4	50uM-1000uM	-Ralst
NoRalst50-1000	0.3023	0.6265	0.6265	Exp4	50uM-1000uM	-Ralst
NoRalst50-1000	0.2133	0.5249	0.5757	Exp4	50uM-1000uM	-Ralst
NoRalst50-1000	0.3408	0.7451	0.6265	Exp4	50uM-1000uM	-Ralst
NoRalst50-1000	0.2591	0.6604	0.5588	Exp4	50uM-1000uM	-Ralst
NoRalst50-1000	0.2422	0.6943	0.4403	Exp4	50uM-1000uM	-Ralst
NoRalst50-1000	0.2609	0.5588	0.6773	Exp4	50uM-1000uM	-Ralst
NoRalst50-1000	0.4044	0.7451	0.6943	Exp4	50uM-1000uM	-Ralst
NoRalst50-1000	0.4363	0.7112	0.7451	Exp4	50uM-1000uM	-Ralst
NoRalst50-1000	0.3018	0.7959	0.5419	Exp4	50uM-1000uM	-Ralst
NoRalst50-1000	0.3009	0.6943	0.5757	Exp4	50uM-1000uM	-Ralst
NoRalst50-1000	0.2504	0.4911	0.6943	Exp4	50uM-1000uM	-Ralst
NoRalst50-1000	0.4232	0.8975	0.5927	Exp4	50uM-1000uM	-Ralst
NoRalst50-1000	0.2854	0.5419	0.6604	Exp4	50uM-1000uM	-Ralst
NoRalst50-1000	0.2735	0.4911	0.7959	Exp4	50uM-1000uM	-Ralst
NoRalst50-1000	0.2446	0.6943	0.4403	Exp4	50uM-1000uM	-Ralst
NoRalst50-1000	0.4452	0.6943	0.7789	Exp4	50uM-1000uM	-Ralst
NoRalst50-1000	0.3776	0.7789	0.6773	Exp4	50uM-1000uM	-Ralst
NoRalst50-1000	0.4792	0.7112	0.8636	Exp4	50uM-1000uM	-Ralst
NoRalst50-1000	0.2943	0.6773	0.5757	Exp4	50uM-1000uM	-Ralst
NoRalst50-1000	0.541	0.8636	0.8636	Exp4	50uM-1000uM	-Ralst
NoRalst50-1000	0.2237	0.5249	0.5588	Exp4	50uM-1000uM	-Ralst
NoRalst50-1000	0.5047	0.8297	0.7789	Exp4	50uM-1000uM	-Ralst
NoRalst50-1000	0.3608	0.8128	0.5757	Exp4	50uM-1000uM	-Ralst
NoRalst50-1000	0.2561	0.6943	0.5757	Exp4	50uM-1000uM	-Ralst
NoRalst50-1000	0.319	0.6096	0.6435	Exp4	50uM-1000uM	-Ralst
NoRalst50-1000	0.3145	0.6096	0.762	Exp4	50uM-1000uM	-Ralst
NoRalst50-1000	0.3703	0.7959	0.5927	Exp4	50uM-1000uM	-Ralst
full50-1000	0.3148	0.6604	0.7112	Exp4	50uM-1000uM	Full
full50-1000	0.2715	0.762	0.5419	Exp4	50uM-1000uM	Full
full50-1000	0.2628	0.762	0.4233	Exp4	50uM-1000uM	Full
full50-1000	0.3665	0.6265	0.8128	Exp4	50uM-1000uM	Full
full50-1000	0.4048	0.6943	0.7959	Exp4	50uM-1000uM	Full
full50-1000	0.2592	0.4741	0.7281	Exp4	50uM-1000uM	Full
full50-1000	0.3313	0.7112	0.6265	Exp4	50uM-1000uM	Full
full50-1000	0.2916	0.5927	0.6943	Exp4	50uM-1000uM	Full
full50-1000	0.2978	0.6604	0.5419	Exp4	50uM-1000uM	Full
full50-1000	0.3147	0.6943	0.5757	Exp4	50uM-1000uM	Full
full50-1000	0.4018	0.6943	0.6604	Exp4	50uM-1000uM	Full
full50-1000	0.3642	0.8467	0.5927	Exp4	50uM-1000uM	Full
full50-1000	0.3875	0.6604	0.7451	Exp4	50uM-1000uM	Full
full50-1000	0.3611	0.7112	0.6435	Exp4	50uM-1000uM	Full
full50-1000	0.2738	0.5419	0.6265	Exp4	50uM-1000uM	Full
full50-1000	0.3601	0.6604	0.6773	Exp4	50uM-1000uM	Full
full50-1000	0.3352	0.6265	0.6773	Exp4	50uM-1000uM	Full
full50-1000	0.4394	0.8636	0.7451	Exp4	50uM-1000uM	Full
full50-1000	0.3808	0.6096	0.7789	Exp4	50uM-1000uM	Full
full50-1000	0.2948	0.7959	0.4911	Exp4	50uM-1000uM	Full
full50-1000	0.3253	0.5927	0.6773	Exp4	50uM-1000uM	Full
full50-1000	0.4442	0.7112	0.8297	Exp4	50uM-1000uM	Full
full50-1000	0.3951	0.8128	0.6265	Exp4	50uM-1000uM	Full
full50-1000	0.368	0.762	0.5927	Exp4	50uM-1000uM	Full
full50-1000	0.613	0.8975	0.8128	Exp4	50uM-1000uM	Full
full50-1000	0.5356	0.9313	0.7789	Exp4	50uM-1000uM	Full
full50-1000	0.5611	0.9821	0.762	Exp4	50uM-1000uM	Full
full50-1000	0.5142	1.016	0.6943	Exp4	50uM-1000uM	Full
full50-1000	0.7303	0.9313	0.9821	Exp4	50uM-1000uM	Full
NB50-1000	0.4893	0.7959	0.7789	Exp4	50uM-1000uM	NB
NB50-1000	0.6156	0.7959	1.0499	Exp4	50uM-1000uM	NB
NB50-1000	0.6117	0.8975	0.8128	Exp4	50uM-1000uM	NB
NB50-1000	0.5726	1.1007	0.7112	Exp4	50uM-1000uM	NB
NB50-1000	0.3946	0.8467	0.5419	Exp4	50uM-1000uM	NB
NB50-1000	0.4492	0.8128	0.6435	Exp4	50uM-1000uM	NB
NB50-1000	0.612	1.1515	0.6943	Exp4	50uM-1000uM	NB
NB50-1000	0.6171	0.9652	0.7959	Exp4	50uM-1000uM	NB
NB50-1000	0.4885	0.6943	0.9652	Exp4	50uM-1000uM	NB
NB50-1000	1.0311	1.1345	1.016	Exp4	50uM-1000uM	NB
NB50-1000	0.9771	1.0668	1.2192	Exp4	50uM-1000uM	NB
NB50-1000	0.4249	0.8467	0.6435	Exp4	50uM-1000uM	NB
NB50-1000	0.3094	0.6265	0.5757	Exp4	50uM-1000uM	NB
NB50-1000	0.4799	0.8636	0.7451	Exp4	50uM-1000uM	NB
NB50-1000	1.0447	0.9821	1.4393	Exp4	50uM-1000uM	NB
NB50-1000	0.3804	0.7112	0.6604	Exp4	50uM-1000uM	NB
NB50-1000	0.7633	0.762	1.3039	Exp4	50uM-1000uM	NB
NB50-1000	1.1609	1.0668	1.3377	Exp4	50uM-1000uM	NB
NB50-1000	0.275	0.5588	0.7451	Exp4	50uM-1000uM	NB
NB50-1000	1.1756	1.2361	1.1684	Exp4	50uM-1000uM	NB
NB50-1000	0.8604	0.9652	1.3039	Exp4	50uM-1000uM	NB
NB50-1000	1.1685	1.1176	1.1684	Exp4	50uM-1000uM	NB
NB50-1000	0.8521	0.9821	1.1345	Exp4	50uM-1000uM	NB
NB50-1000	0.2406	0.6265	0.4911	Exp4	50uM-1000uM	NB
NB50-1000	0.3878	0.6773	0.7281	Exp4	50uM-1000uM	NB
NB50-1000	0.5905	0.8975	0.8297	Exp4	50uM-1000uM	NB
NB50-1000	0.7006	1.0499	0.8636	Exp4	50uM-1000uM	NB
NB50-1000	0.6772	0.9821	0.8636	Exp4	50uM-1000uM	NB
NB50-1000	0.2314	0.5419	0.5249	Exp4	50uM-1000uM	NB
NB50-1000	0.4053	0.9483	0.5927	Exp4	50uM-1000uM	NB
NB50-1000	0.7864	1.2869	0.762	Exp4	50uM-1000uM	NB
NB50-1000	0.5543	0.8975	0.8467	Exp4	50uM-1000uM	NB
